[
	{ 	
		"id": "Characteristics",
		"size": 4,
		"entries": [1,0.25,0.33,0.14,4,1,3,0.33,3,0.33,1,0.2,7,3,5,1],
		"mapping":[
			{
				"row":0,
				"key": "http://www.seals-project.eu/ontologies/QualityModel.owl#Characteristic1"
			},
			{
				"row":1,
			"key": "http://www.seals-project.eu/ontologies/QualityModel.owl#Characteristic2"
			},
			{
				"row":2,
				"key": "http://www.seals-project.eu/ontologies/QualityModel.owl#Characteristic3"
			},
			{
				"row":3,
				"key": "http://www.seals-project.eu/ontologies/QualityModel.owl#Characteristic4"
			}
		]
	},
	{ 	
		"id": "http://www.seals-project.eu/ontologies/QualityModel.owl#Characteristic1",
		"size": 4,
		"entries": [1,0.25,0.33,0.14,4,1,3,0.33,3,0.33,1,0.2,7,3,5,1],
		"mapping":[
			{
				"row":0,
				"key": "http://www.seals-project.eu/ontologies/QualityModel.owl#Indicator1"
			},
			{
				"row":1,
			"key": "http://www.seals-project.eu/ontologies/QualityModel.owl#Indicator2"
			},
			{
				"row":2,
				"key": "http://www.seals-project.eu/ontologies/QualityModel.owl#Indicator3"
			},
			{
				"row":3,
				"key": "http://www.seals-project.eu/ontologies/QualityModel.owl#Indicator4"
			}
		]
	},
	{ 	
		"id": "http://www.seals-project.eu/ontologies/QualityModel.owl#Characteristic2",
		"size": 2,
		"entries": [1,1,1,1],
		"mapping":[
			{
				"row":0,
				"key": "http://www.seals-project.eu/ontologies/QualityModel.owl#Indicator5"
			},
			{
				"row":1,
			"key": "http://www.seals-project.eu/ontologies/QualityModel.owl#Indicator6"
			}
		]
	},
	{ 	
		"id": "http://www.seals-project.eu/ontologies/QualityModel.owl#Characteristic4",
		"size": 3,
		"entries": [1,4,9,0.25,1,6,0.11,0.16,1],
		"mapping":[
			{
				"row":0,
				"key": "http://www.seals-project.eu/ontologies/QualityModel.owl#Indicator8"
			},
			{
				"row":1,
			"key": "http://www.seals-project.eu/ontologies/QualityModel.owl#Indicator9"
			},
			{
				"row":2,
				"key": "http://www.seals-project.eu/ontologies/QualityModel.owl#Indicator10"
			}
		]
	}
]

