[
	{ 	
		"id": "http://www.seals-project.eu/ontologies/QualityModel.owl#AverageAlignmentF-Measure",
		"dependencies":["http://www.seals-project.eu/ontologies/QualityModel.owl#AverageAlignmentPrecision","http://www.seals-project.eu/ontologies/QualityModel.owl#AverageAlignmentRecall", "http://www.seals-project.eu/ontologies/QualityModel.owl#AverageAlignmentH-Measure"]
	},
	{ 	
		"id": "http://www.seals-project.eu/ontologies/QualityModel.owl#AverageAlignmentH-Measure",
		"dependencies":["http://www.seals-project.eu/ontologies/QualityModel.owl#AverageAlignmentPrecision","http://www.seals-project.eu/ontologies/QualityModel.owl#AverageAlignmentRecall", "http://www.seals-project.eu/ontologies/QualityModel.owl#AverageAlignmentF-Measure"]
	},
	{ 	
		"id": "http://www.seals-project.eu/ontologies/QualityModel.owl#OntologyMatchingTime",
		"dependencies":["http://www.seals-project.eu/ontologies/QualityModel.owl#OntologyMatchingErrors"]
	},
	{ 	
		"id": "http://www.seals-project.eu/ontologies/QualityModel.owl#OntologyMatchingErrors",
		"dependencies":["http://www.seals-project.eu/ontologies/QualityModel.owl#OntologyMatchingTime"]
	}
]

