[
	{ 	
		"id": "http://www.seals-project.eu/ontologies/QualityModel.owl#AverageAlignmentF-Measure",
		"size": 3,
		"entries": [1,1,0.16,1,1,0.16,6,6,1],
		"mapping":[
			{
				"row":0,
				"key": "http://www.seals-project.eu/ontologies/QualityModel.owl#AverageAlignmentPrecision"
			},
			{
				"row":1,
			"key": "http://www.seals-project.eu/ontologies/QualityModel.owl#AverageAlignmentRecall"
			},
			{
				"row":2,
				"key": "http://www.seals-project.eu/ontologies/QualityModel.owl#AverageAlignmentH-Measure"
			}
		]
	},
	{ 	
		"id": "http://www.seals-project.eu/ontologies/QualityModel.owl#AverageAlignmentH-Measure",
		"size": 3,
		"entries": [1,1,0.16,1,1,0.16,6,6,1],
		"mapping":[
			{
				"row":0,
				"key": "http://www.seals-project.eu/ontologies/QualityModel.owl#AverageAlignmentPrecision"
			},
			{
				"row":1,
			"key": "http://www.seals-project.eu/ontologies/QualityModel.owl#AverageAlignmentRecall"
			},
			{
				"row":2,
				"key": "http://www.seals-project.eu/ontologies/QualityModel.owl#AverageAlignmentF-Measure"
			}
		]
	},
	{ 	
		"id": "http://www.seals-project.eu/ontologies/QualityModel.owl#OntologyAlignmentAccuracy",
		"size": 2,
		"entries": [1,1,1,1],
		"mapping":[
			{
				"row":0,
				"key": "http://www.seals-project.eu/ontologies/QualityModel.owl#OntologyAlignmentAccuracy"
			},
			{
				"row":1,
			"key": "Alternatives"
			}
		]
	},
	{ 	
		"id": "http://www.seals-project.eu/ontologies/QualityModel.owl#OntologyMatchingTimeBehaviour",
		"size": 2,
		"entries": [1,1,1,1],
		"mapping":[
			{
				"row":0,
				"key": "http://www.seals-project.eu/ontologies/QualityModel.owl#OntologyMatchingRobustness"
			},
			{
				"row":1,
			"key": "Alternatives"
			}
		]
	},
	{ 	
		"id": "http://www.seals-project.eu/ontologies/QualityModel.owl#OntologyMatchingRobustness",
		"size": 2,
		"entries": [1,1,1,1],
		"mapping":[
			{
				"row":0,
				"key": "http://www.seals-project.eu/ontologies/QualityModel.owl#OntologyMatchingTimeBehaviour"
			},
			{
				"row":1,
			"key": "Alternatives"
			}
		]
	},
	{ 	
		"id": "Alternatives",
		"size": 3,
		"entries": [1,1,1,1,1,1,1,1,1],
		"mapping":[
			{
				"row":0,
				"key": "http://www.seals-project.eu/ontologies/QualityModel.owl#OntologyAlignmentAccuracy"
			},
			{
				"row":1,
			"key": "http://www.seals-project.eu/ontologies/QualityModel.owl#OntologyMatchingTimeBehaviour"
			},
			{
				"row":2,
				"key": "http://www.seals-project.eu/ontologies/QualityModel.owl#OntologyMatchingRobustness"
			}
		]
	}
]

